<?xml version="1.0" encoding="UTF-8"?>
<!--
  ~ Copyright (c) 2010-2014 Evolveum
  ~
  ~ Licensed under the Apache License, Version 2.0 (the "License");
  ~ you may not use this file except in compliance with the License.
  ~ You may obtain a copy of the License at
  ~
  ~     http://www.apache.org/licenses/LICENSE-2.0
  ~
  ~ Unless required by applicable law or agreed to in writing, software
  ~ distributed under the License is distributed on an "AS IS" BASIS,
  ~ WITHOUT WARRANTIES OR CONDITIONS OF ANY KIND, either express or implied.
  ~ See the License for the specific language governing permissions and
  ~ limitations under the License.
  -->
<assembly xmlns="http://maven.apache.org/plugins/maven-assembly-plugin/assembly/1.1.0"
          xmlns:xsi="http://www.w3.org/2001/XMLSchema-instance"
          xsi:schemaLocation="http://maven.apache.org/plugins/maven-assembly-plugin/assembly/1.1.0
                              http://maven.apache.org/xsd/assembly-1.1.0.xsd">

    <id>connector</id>

    <formats>
        <format>jar</format>
    </formats>

    <includeBaseDirectory>false</includeBaseDirectory>

    <fileSets>
        <fileSet>
            <directory>target/classes</directory>
            <outputDirectory></outputDirectory>
        </fileSet>
    </fileSets>

    <dependencySets>
        <dependencySet>
            <outputDirectory>lib</outputDirectory>
            <useProjectArtifact>false</useProjectArtifact>
            <scope>runtime</scope>
            <excludes>
                <exclude>net.tirasa.connid:connector-framework</exclude>
            </excludes>
        </dependencySet>
    </dependencySets>
</assembly>